sample_id,label,measure,trafficvision_owner,dongtinh_peer,agree
BDD11,traffic_light,count,2,2,1
BDD11,traffic_light,attr:needs_review,false|false,false|false,1
BDD11,traffic_light,attr:occluded,false|false,false|true,0
BDD11,traffic_light,attr:relevance,pedestrian|pedestrian,pedestrian|pedestrian,1
BDD11,traffic_light,attr:state,green|red,off|red,0
BDD12,traffic_light,count,2,2,1
BDD12,traffic_light,attr:needs_review,false|false,false|false,1
BDD12,traffic_light,attr:occluded,false|true,false|true,1
BDD12,traffic_light,attr:relevance,pedestrian|unknown,pedestrian|pedestrian,0
BDD12,traffic_light,attr:state,red|unknown,red|unknown,1
BDD13,traffic_light,count,1,1,1
BDD13,traffic_light,attr:needs_review,false,false,1
BDD13,traffic_light,attr:occluded,false,false,1
BDD13,traffic_light,attr:relevance,pedestrian,pedestrian,1
BDD13,traffic_light,attr:state,off,off,1
BDD15,traffic_light,count,3,2,0
BDD15,traffic_light,attr:needs_review,false|false|false,false|false,0
BDD15,traffic_light,attr:occluded,false|false|false,false|false,0
BDD15,traffic_light,attr:relevance,ego_relevant|ego_relevant|other_lane,ego_relevant|ego_relevant,0
BDD15,traffic_light,attr:state,red|unknown|unknown,red|unknown,0
BDD17,traffic_light,count,5,5,1
BDD17,traffic_light,attr:needs_review,false|false|false|false|false,false|false|false|false|false,1
BDD17,traffic_light,attr:occluded,false|false|false|false|true,false|false|false|false|false,0
BDD17,traffic_light,attr:relevance,ego_relevant|ego_relevant|other_lane|pedestrian|pedestrian,ego_relevant|ego_relevant|other_lane|pedestrian|pedestrian,1
BDD17,traffic_light,attr:state,green|green|red|red|unknown,green|green|red|red|unknown,1
LISA05,traffic_light,count,6,6,1
LISA05,traffic_light,attr:needs_review,false|false|false|false|false|false,false|false|false|false|false|false,1
LISA05,traffic_light,attr:occluded,false|false|false|false|false|false,false|false|false|false|false|true,0
LISA05,traffic_light,attr:relevance,ego_relevant|other_lane|other_lane|other_lane|other_lane|other_lane,ego_relevant|other_lane|other_lane|other_lane|other_lane|other_lane,1
LISA05,traffic_light,attr:state,red|red|red|red|red|red,red|red|red|red|red|red,1
